model,resnet18
batch_size,80
epochs,200
learning_rate,0.1
data_augmentation,True
seed,1
alphakd,0.7
T,10
name,BLKD
resume,False
""
epoch,train_acc,val_acc
0,0.1257,0.1777
1,0.26558,0.2991
2,0.36526,0.3645
3,0.43398,0.4236
4,0.47632,0.4154
5,0.50646,0.4568
6,0.53054,0.4735
7,0.5471,0.4741
8,0.56566,0.4816
9,0.57358,0.4804
10,0.5824,0.5014
11,0.59186,0.5015
12,0.59946,0.5003
13,0.60648,0.5254
14,0.61226,0.5012
15,0.61574,0.5013
16,0.62046,0.5355
