model,resnet18
batch_size,80
epochs,200
learning_rate,0.1
data_augmentation,True
seed,4
alphakd,0.7
T,10
name,BLKD
resume,False
""
epoch,train_acc,val_acc
0,0.1261,0.2099
1,0.25906,0.3023
2,0.3689,0.3751
3,0.43608,0.4065
4,0.4797,0.4218
5,0.51422,0.4756
6,0.53176,0.4578
7,0.55082,0.4901
8,0.5662,0.5142
9,0.57896,0.5219
10,0.58736,0.5121
11,0.59146,0.5324
12,0.60156,0.5238
13,0.6082,0.5181
