model,resnet18
batch_size,80
epochs,200
learning_rate,0.1
data_augmentation,True
seed,2
alphakd,0.7
T,10
name,BLKD
resume,False
""
epoch,train_acc,val_acc
0,0.1252,0.1854
1,0.2552,0.2882
2,0.35554,0.3696
3,0.42932,0.4238
4,0.47462,0.4387
5,0.50508,0.4765
6,0.52784,0.4785
7,0.54548,0.4884
8,0.5616,0.4694
9,0.5729,0.5017
10,0.58218,0.4751
11,0.59214,0.5075
12,0.5991,0.5122
13,0.60834,0.5063
