model,mobilenetv2
batch_size,40
epochs,300
learning_rate,0.01
data_augmentation,True
seed,1
alphakd,0.7
T,10
name,BLKD
resume,False
""
epoch,train_acc,val_acc
0,0.0704,0.111
1,0.15106,0.185
2,0.20604,0.2396
3,0.2484,0.2903
4,0.29124,0.3192
5,0.32536,0.3478
6,0.35974,0.3656
7,0.38432,0.4044
8,0.41018,0.4238
9,0.4255,0.4332
10,0.44238,0.4374
11,0.4579,0.4606
12,0.47338,0.4639
13,0.48512,0.4728
14,0.49756,0.4832
